{"$schema":[{"categories":[{"categoryId":"General","categoryName":"General","isVisible":false,"items":[{"propertyId":"DeviceName","propertyName":"Device Name","value":"DESKTOP-FI19Q1Q"},{"propertyId":"OSBuild","propertyName":"OS Build","value":"22621.1.amd64fre.ni_release.220506-1250"},{"propertyId":"Timezone","propertyName":"Time Zone","value":"Central Standard Time"},{"propertyId":"Domain","propertyName":"Joined Domain","value":""}]},{"categoryId":"Hardware","categoryName":"Hardware","isVisible":false,"items":[{"propertyId":"SerialNumber","propertyName":"Serial Number","value":"19LF944"},{"propertyId":"ProductName","propertyName":"Product Name","value":"Latitude 3550"},{"propertyId":"Manufacturer","propertyName":"Manufacturer","value":"Dell Inc."}]}],"dataBindSchemaId":1,"isVisible":false,"tabId":"configurationInfo","tabName":"Configuration info"},{"categories":[{"categoryId":"NetworkConnectivity","categoryName":"Network Connectivity","events":[{"details":"The device is not able to access the Internet.","eventId":"AutopilotEstablishInternetConnection","eventName":"Establish Internet Connection","finishTime":"11/8/2024 11:33:02 AM","isVisible":false,"startTime":"11/8/2024 11:33:02 AM","status":2}],"isVisible":false,"status":2},{"categoryId":"AutopilotFlow","categoryName":"Autopilot Settings","events":[{"details":"Required error event data incomplete or missing.","eventId":"UserBasedAADJProvisioning","eventName":"User-based Azure AD Join","finishTime":"<time not available>","isVisible":false,"startTime":"<time not available>","status":2}],"isVisible":false,"status":2},{"categoryId":"EnrollmentStatus","categoryName":"Enrollment Status","events":[{"details":"Required warning event data incomplete or missing.","eventId":"ESPDevicePrepTPMAttestationSkipped","eventName":"Skipped TPM Attestation","finishTime":"<time not available>","isVisible":false,"startTime":"<time not available>","status":3},{"details":"Required warning event data incomplete or missing.","eventId":"ESPDevicePrepAADJSkipped","eventName":"Skipped AADJ Provisioning","finishTime":"<time not available>","isVisible":false,"startTime":"<time not available>","status":3},{"details":"Required warning event data incomplete or missing.","eventId":"ESPDevicePrepMdmEnrollmentSkipped","eventName":"Skipped MDM Enrollment","finishTime":"<time not available>","isVisible":false,"startTime":"<time not available>","status":3},{"details":"Required warning event data incomplete or missing.","eventId":"ESPDevicePrepPolicyProvidersInstallation","eventName":"Policy Provider Installation","finishTime":"<time not available>","isVisible":false,"startTime":"<time not available>","status":3},{"details":"Required warning event data incomplete or missing.","eventId":"ESPDeviceSetupAllAppsInstallation","eventName":"Device-Targeted Apps Installation","finishTime":"<time not available>","isVisible":false,"startTime":"<time not available>","status":3},{"details":"Required warning event data incomplete or missing.","eventId":"ESPDeviceSetupAllPoliciesInstallation","eventName":"Device-Targeted Policies Installation","finishTime":"<time not available>","isVisible":false,"startTime":"<time not available>","status":3},{"details":"Required warning event data incomplete or missing.","eventId":"ESPDeviceSetupNetworkProfilesInstallation","eventName":"Device-Targeted Network Profiles Installation","finishTime":"<time not available>","isVisible":false,"startTime":"<time not available>","status":3},{"details":"Required warning event data incomplete or missing.","eventId":"ESPDeviceSetupAllCertificatesInstallation","eventName":"Device-Targeted Certificates Installation","finishTime":"<time not available>","isVisible":false,"startTime":"<time not available>","status":3},{"details":"Required warning event data incomplete or missing.","eventId":"ESPAccountSetupAllAppsInstallation","eventName":"User-Targeted Apps Installation","finishTime":"<time not available>","isVisible":false,"startTime":"<time not available>","status":3},{"details":"Required warning event data incomplete or missing.","eventId":"ESPAccountSetupAllPoliciesInstallation","eventName":"User-Targeted Policies Installation ","finishTime":"<time not available>","isVisible":false,"startTime":"<time not available>","status":3},{"details":"Required warning event data incomplete or missing.","eventId":"ESPAccountSetupNetworkProfilesInstallation","eventName":"User-Targeted Network Connections Installation","finishTime":"<time not available>","isVisible":false,"startTime":"<time not available>","status":3},{"details":"Required warning event data incomplete or missing.","eventId":"ESPAccountSetupAllCertificatesInstallation","eventName":"User-Targeted Certificates Installation","finishTime":"<time not available>","isVisible":false,"startTime":"<time not available>","status":3}],"isVisible":false,"status":3},{"categoryId":"WindowsSecurity","categoryName":"Windows Security","events":[],"isVisible":false,"status":8}],"dataBindSchemaId":0,"isVisible":false,"status":2,"tabId":"deploymentInfoByCategory","tabName":"Deployment info"},{"categories":[{"categoryId":"providerStatus","categoryName":"Policy Provider Status","isVisible":false,"resources":[],"status":8},{"categoryId":"policyStatus","categoryName":"Policy Status","isVisible":false,"resources":[],"status":8},{"categoryId":"networkProfileStatus","categoryName":"Network Profile Status","isVisible":false,"resources":[],"status":8},{"categoryId":"appStatus","categoryName":"App Status","isVisible":false,"resources":[],"status":8},{"categoryId":"certificateStatus","categoryName":"Certificate Status","isVisible":false,"resources":[],"status":8}],"dataBindSchemaId":2,"isVisible":false,"status":8,"tabId":"appAndPolicyStatus","tabName":"Apps and policies status"}]}