{
  "MdmDiagVersion":"1.0",
  "AreaName" : "autopilot;deviceenrollment;deviceprovisioning;tpm;",
  "BaseBuildRevisionNumber":1,
  "BuildBranch":"ni_release",
  "BuildGUID":"ffffffff-ffff-ffff-ffff-ffffffffffff",
  "BuildLab":"22621.ni_release.220506-1250",
  "BuildLabEx":"22621.1.amd64fre.ni_release.220506-1250",
  "CompositionEditionID":"Enterprise",
  "CurrentBuild":"22631",
  "CurrentBuildNumber":"22631",
  "CurrentMajorVersionNumber":10,
  "CurrentMinorVersionNumber":0,
  "CurrentType":"Multiprocessor Free",
  "CurrentVersion":"6.3",
  "EditionID":"Professional",
  "InstallDate":1731086992,
  "InstallTime":"REG_QWORD: 0x1db3203d1f18a03",
  "PendingInstall":0,
  "ProductName":"Windows 10 Pro",
  "ReleaseId":"2009",
  "SystemRoot":"C:\\Windows",
  "UBR":3593,
  "AutoAdminLogon":"1",
  "AutoLogonSID":"S-1-5-21-1768930292-2761316497-370601221-1000",
  "AutoRestartShell":1,
  "DefaultUserName":"defaultuser0"
}
